name,governorate,city,address,phone,latitude,longitude,rating
Experts Veterinarians VETS,Tunis,Manar 1,"30 Rue de Cordoue, Manar 1 2092, Tunisia",+216 71 138 740,36.8399591,10.1457069,4.5
Clinique Vétérinaire Montplaisir,Tunis,Tunis,"3 Rue du Hijaz, Tunis 1002, Tunisia",+216 54 695 276,36.8188262,10.1839685,4.6
Archipets - Lake Veterinary Clinic,Tunis,Les Berges du Lac,"47 Rue des Lacs de Mazurie, Tunis, Tunisia",+216 92 045 611,36.8402991,10.2452068,4.9
Clinique vétérinaire menzah 7,Ariana,Menzah,"12 Rue Kamel Ataturk, Ariana 2037, Tunisia",+216 51 463 933,36.8520593,10.1568409,4.9
Animalus Veterinary Clinic,Ariana,Soukra,"15 Rue sod maarab, Ariana 2037, Tunisia",+216 92 520 802,36.8656627,10.1641856,4.9
Clinique Vétérinaire Ariana,Ariana,Ariana,"09 rue Tunis, Ariana, Tunisia",+216 71 714 212,36.8583346,10.2021096,4.9
Manouba Vet,Manouba,Manouba,"impasse ennozha, Ibn Zaydoun, Manouba 2010, Tunisia",+216 22 004 462,36.8028527,10.1021300,5.0
ANIMAUX D'ABORD Cabinet Vétérinaire Manouba,Manouba,Manouba,"Manouba, Tunisia",+216 22 024 232,36.8054382,10.1056982,5.0
VetoCare Veterinary Clinic,Ben Arous,Nouvelle Medina,"Nouvelle médina 3, Ben Arous 2063, Tunisia",+216 52 233 160,36.7440861,10.2510655,4.9
LINVET Veterinary Clinic,Ben Arous,Ben Arous,"36 Rue Habib Thameur, Ben Arous 2013, Tunisia",+216 51 555 484,36.7516175,10.2165627,4.5
Cabinet vétérinaire VET À VIE,Ben Arous,Megrine,"2033, Megrine, Tunisia",+216 98 500 036,36.7705767,10.2425495,5.0
Cabinet vétérinaire Dr. Grech Atka,Zaghouan,Zaghouan,"Zaghouan, Tunisia",+216 97 250 087,36.4007345,10.1431727,
Cabinet vétérinaire Vital vet Nabeul,Nabeul,Nabeul,"Nabeul, Tunisia",+216 52 489 095,36.4507130,10.7325840,5.0
Clinique vétérinaire StarVéto,Nabeul,Nabeul,"Nabeul, Tunisia",+216 24 259 925,36.4352559,10.7034396,4.7
Cabinet Vétérinaire Mohamed Ali KAMMOUN,Nabeul,Nabeul,"Ave. Jdeida Magherbia, Nabeul, Tunisia",+216 21 162 524,36.4490011,10.7286930,4.2
Clinique vétérinaire Adib Sammoud,Nabeul,Kelibia,"Kelibia, Tunisia",+216 22 924 566,36.8441671,11.0951700,4.4
Cabinet Vet for your pet (Dr.Malek Lamouchi),Bizerte,Bizerte,"Avenue 14 Janvier, Banzart 7000, Tunisia",+216 93 641 093,37.2809898,9.8568272,5.0
clinique vétérinaire The VET Sidi Salem,Bizerte,Bizerte,"Route de la Corniche, Banzart 7000, Tunisia",+216 29 409 646,37.2875930,9.8709722,5.0
Beb Mateur Veterinary Clinic,Bizerte,Bizerte,"02 rue de Pakistan, Bizerte 7061, Tunisia",+216 94 207 407,37.2685280,9.8621475,4.9
Cabinet my vet,Béja,Béja,"Beja, Tunisia",+216 78 459 668,36.7199201,9.1935693,4.6
Dr Donia Sdiri Veterinary Clinic,Jendouba,Jendouba,"Jendouba, Tunisia",+216 23 223 863,36.4926538,8.7852636,3.5
Cabinet Vétérinaire Ophélia Vet,Le Kef,Le Kef,"10 cité farah, rue Taha Hussein, El Kef 7100, Tunisia",+216 92 375 445,36.1698425,8.6996146,5.0
Services Vétérinaires Siliana,Siliana,Siliana,"Siliana, Tunisia",+216 70 608 345,36.0864948,9.3739111,
cabinet veterinaire dr Soltani Taoufik,Kasserine,Kasserine,"Kasserine, Tunisia",+216 95 749 705,35.1787222,8.8534001,4.5
Cabinet Vétérinaire Dr Fayda Nasri,Kasserine,Kasserine,"Kasserine, Tunisia",+216 53 310 765,35.1780890,8.8496560,4.5
Salem Salhi & Saif Salhi Cabinet veterinaire,Sidi Bouzid,Sidi Bouzid,"Sidi Bouzid, Tunisia",+216 53 535 005,35.0398139,9.4884743,4.1
Soukravet Veterinary Clinic,Sfax,Sfax,"Ceinture Bourguiba, Rte Soukra, Sfax, Tunisia",+216 29 138 838,34.7257529,10.7261447,4.8
My'Vet,Sfax,Sfax,"Ceinture Bourguiba, Sfax 3000, Tunisia",+216 97 387 798,34.7637237,10.7429501,4.2
Dr Hajer Ben Abdallah VETOPIA,Sfax,Sfax,"Sfax, Tunisia",+216 20 501 105,34.7620559,10.7300803,5.0
Clinique vétérinaire vet 27,Sousse,Hammam Sousse,"Av. Imam Mouslem, Hammam Sousse 4071, Tunisia",+216 28 884 898,35.8472444,10.6039507,4.8
Clinique Vétérinaire De Sousse,Sousse,Sousse,"khzema gharbia, Rue Imam Boukhari, Sousse 4071, Tunisia",+216 99 096 100,35.8461120,10.6077346,4.9
Clinique Vétérinaire Les Orchidées Sahloul 3,Sousse,Sahloul,"Sahloul 3, Sousse 4054, Tunisia",+216 55 026 000,35.8356567,10.6000971,4.7
Clinique vétérinaire la falaise,Monastir,Monastir,"Route de la Falaise, Monastir 5000, Tunisia",+216 29 923 001,35.7791731,10.8026820,4.4
VITA VET (Dr. Farouk Khefacha),Monastir,Monastir,"Avenue Ibn Jazzar, Monastir, Tunisia",+216 96 140 888,35.7690958,10.8000072,5.0
Pets Hope Veterinary Clinic,Monastir,Monastir,"Monastir, Tunisia",+216 95 778 775,35.7715551,10.8233754,4.5
Bouthaina Naffouti Veterinary Clinic,Mahdia,Mahdia,"Mahdia Center, Mahdia, Tunisia",+216 93 340 097,35.4970345,11.0417214,5.0
Clinique vétérinaire MaVeto Mahdia,Mahdia,Mahdia,"Av. du 2 Mars 1934, Mahdia 5100, Tunisia",+216 90 300 116,35.5084567,11.0497509,4.9
Cabinet vétérinaire Dr Rahma Zaarour,Kairouan,Kairouan,"Rue Ibn Zoubeir, Kairouan, Tunisia",+216 94 737 871,35.6763509,10.0942986,5.0
Clinique vétérinaire les 4 pattes,Kairouan,Kairouan,"Rond point sidi aarfa, Kairouan 3100, Tunisia",+216 96 607 740,35.6736638,10.0922032,4.9
Veterinaire Boujezza Rached,Gafsa,Gafsa,"Gafsa, Tunisia",+216 99 852 863,34.4340678,8.7810756,4.5
Cabinet vétérinaire Dr Sami Akermi,Gafsa,Gafsa,"Rue de l'ajama, Gafsa 2169, Tunisia",+216 98 531 706,34.4087652,8.7966824,5.0
Cabinet Vétérinaire Dr Aymen HAMDI BACHA,Tozeur,Tozeur,"Tozeur, Tunisia",+216 98 283 122,33.9207488,8.1191206,3.5
Dr. BEDOUI Khaled,Kebili,Kebili,"3 Rue Mongi Slim, Kebili, Tunisia",+216 98 673 545,33.7046483,8.9732513,5.0
Cabinet vétérinaire,Tataouine,Tataouine,"Tataouine, Tunisia",,32.9261063,10.4514645,3.0
Vétérinaire,Médenine,Médenine,"Medenine 4100, Tunisia",+216 97 335 354,33.3516201,10.4936632,4.4
Vétérinaire,Gabès,Gabès,"Gabès, Tunisia",+216 20 032 042,33.8847041,10.1042840,4.2
